{"d": 1490.9586549464, "a": 1523.373966873223, "b": 1496.399109473421, "c": 1490.3306573575742}