{"a": 1514.0, "b": 1500.2819141085015, "c": 1486.2875940054626}